State,Deaths per Year,Average Potential Life Years Lost per Death,"Deaths per 10,000 Adults",Percentage of Adults who Binge Drink 1+ Times per Month,Median Drinks per Binge,Top 25% Drinks per Binge,Median Binge per Month,Top 25% Binge per Month,Increase in Alcohol Deaths per Capita from 2015 to 2019,Male Proportion of Deaths,Percent Deaths from Chronic Causes,Percent Deaths from Acute Causes,Percent Deaths 35+,Percent Deaths under 21,Years of Life Lost per Year,Taxpayer Cost in 2010 (billions),Inflation Adjusted Cost to 2022 (billions),Inflation Adjusted Per Drink (2022)
Alabama,"2,208",27.0,6.06,13.6%,5.5,7.2,1.7,4,44.8%,71.5%,49.8%,50.2%,79.9%,3.94%,59606,3.724,5.028,3.06
Alaska,433,30.7,7.83,16.0%,5.4,7.1,1.9,4.4,45.0%,65.4%,52.4%,47.6%,77.1%,3.93%,13285,0.8272,1.17,3.04
Arizona,"3,670",25.8,6.62,16.7%,5.5,7.9,1.5,3.8,40.9%,68.3%,59.2%,40.8%,84.1%,2.75%,94686,5.946,8.028,2.27
Arkansas,"1,407",25.5,6.08,16.0%,5.6,9.2,1.9,4.5,52.1%,69.8%,55.7%,44.3%,83.4%,3.55%,35826,2.073,2.799,3.06
California,"15,443",24.4,5.04,16.6%,5.5,7.7,1.6,3.7,40.0%,69.1%,64.4%,35.6%,86.1%,2.49%,376899,35.011,47.264,3.29
Colorado,"2,623",27.2,5.82,19.8%,5.6,7.6,1.6,3.7,45.4%,67.7%,61.3%,38.7%,83.1%,2.78%,71300,5.057,6.826,2.89
Connecticut,"1,426",25.4,4.97,18.7%,5.2,6.5,1.6,3.5,55.3%,68.2%,55.2%,44.8%,84.9%,2.17%,36201,3.029,4.089,2.75
Delaware,466,26.9,5.95,18.3%,5.3,7.3,1.7,4.4,65.3%,70.2%,53.6%,46.4%,81.3%,2.79%,12543,0.8038,1.085,2.21
District of Columbia,392,26.7,6.95,22.5%,5.2,6.7,1.5,3.4,82.9%,67.6%,53.3%,46.7%,82.1%,3.32%,10473,0.9184,1.24,2.89
Florida,"10,655",24.0,6.16,17.5%,5.5,7.3,1.8,4.9,54.0%,69.2%,60.8%,39.2%,85.9%,2.34%,255673,15.322,20.685,2.46
Georgia,"3,953",26.5,4.83,15.1%,5.3,7.5,1.6,4.1,46.4%,69.3%,55.3%,44.7%,81.6%,3.67%,104946,6.931,9.357,2.86
Hawaii,526,23.2,4.59,20.9%,5.7,9.2,1.9,4.3,48.0%,72.6%,61.2%,38.8%,87.8%,2.28%,12193,0.9374,1.265,2.13
Idaho,732,24.8,5.31,16.0%,5.8,9.1,2,4.5,43.6%,68.6%,60.8%,39.2%,85.9%,3.01%,18119,1.138,1.536,2.19
Illinois,"5,151",26.2,5.17,20.5%,5.7,9.1,1.9,4.4,52.0%,70.6%,57.4%,42.6%,82.0%,3.48%,134820,9.716,13.116,2.51
Indiana,"2,960",27.0,5.69,17.1%,5.6,9.1,1.7,4.2,49.7%,70.5%,55.3%,44.7%,81.8%,3.41%,79925,4.468,6.032,2.65
Iowa,"1,305",23.0,5.31,24.5%,5.8,9.2,1.9,4.3,51.8%,69.4%,67.0%,33.0%,88.0%,2.45%,30070,1.934,2.61,2.15
Kansas,"1,146",25.5,5.13,16.7%,5.6,7.8,1.6,3.8,46.6%,70.4%,59.6%,40.4%,83.9%,3.14%,29230,2.076,2.802,2.94
Kentucky,"2,206",27.0,6.31,15.8%,5.7,8.8,1.9,5,40.2%,70.6%,53.5%,46.5%,83.7%,2.67%,59519,3.195,4.313,3.19
Louisiana,"2,278",27.6,6.38,18.1%,5.5,7.4,2,4.7,41.9%,71.4%,48.9%,51.1%,79.0%,4.13%,62928,3.801,5.132,2.58
Maine,714,23.7,6.65,19.5%,5.4,7.1,1.8,4.1,70.5%,68.5%,61.5%,38.5%,88.0%,1.68%,16952,0.9387,1.267,2.13
Maryland,"2,482",27.8,5.16,14.5%,5.3,7,1.6,3.7,61.2%,69.9%,46.6%,53.4%,79.0%,3.22%,69071,4.695,6.702,3
Massachusetts,"2,760",25.7,4.88,21.1%,5.4,7,1.5,3.6,57.2%,68.4%,59.3%,40.7%,84.4%,1.88%,71022,5.635,7.607,2.61
Michigan,"4,548",25.5,5.75,19.8%,5.6,7.9,1.8,4.3,40.2%,67.9%,59.6%,40.4%,84.4%,2.57%,115890,8.162,11.018,2.84
Minnesota,"2,082",24.1,4.74,21.7%,5.5,7.7,1.5,3.7,53.0%,67.3%,65.2%,34.8%,87.3%,2.31%,50092,3.886,5.247,2.35
Mississippi,"1,372",25.9,6.06,13.7%,5.7,9.4,2.1,5.4,44.2%,71.9%,52.3%,47.7%,81.2%,3.94%,35599,2.277,3.074,2.77
Missouri,"2,877",27.1,6.02,18.9%,5.5,7.7,1.8,4.8,50.4%,70.5%,52.5%,47.5%,80.2%,3.72%,77921,4.604,6.215,2.47
Montana,605,25.2,7.1,19.7%,5.4,7.3,1.6,4,42.0%,68.1%,62.1%,37.9%,84.0%,2.81%,15254,0.8708,1.176,2.34
Nebraska,720,24.2,4.87,22.5%,5.6,8,1.7,3.9,52.1%,68.2%,66.1%,33.9%,85.4%,30.60%,17435,1.167,1.575,2.17
Nevada,"1,548",25.1,6.43,16.0%,5.5,7.8,1.6,3.7,46.2%,68.6%,61.5%,38.5%,86.6%,2.39%,38880,2.296,3.1,2.01
New Hampshire,661,25.6,5.91,18.3%,5.5,7.6,1.5,4,55.5%,69.7%,59.9%,40.1%,85.2%,1.66%,16902,0.9599,1.296,1.24
New Jersey,"3,008",26.4,4.14,14.4%,5.2,7.3,,3.5,42.8%,,54.8%,45.2%,82.6%,2.23%,79359,6.175,8.337,2.3
New Mexico,"1,581",28.5,9.66,15.6%,5.5,7.9,1.8,4.5,36.0%,70.6%,61.2%,38.8%,81.6%,2.59%,45057,2.233,3.014,3.74
New York,"6,701",23.8,4.18,17.6%,5.4,7.1,1.6,3.7,44.2%,67.2%,63.3%,36.7%,86.4%,2.03%,159338,16.33,22.046,3.08
North Carolina,"4,452",26.0,5.46,15.8%,5.4,7,1.8,4.6,56.0%,69.5%,56.3%,43.7%,82.7%,3.08%,115831,7.034,9.496,2.85
North Dakota,347,25.6,5.85,22.7%,5.9,9.4,1.8,4.2,58.2%,70.3%,62.2%,37.8%,82.1%,2.59%,8898,0.4876,0.6583,1.89
Ohio,"5,739",26.4,6.24,17.2%,5.7,8.2,1.9,4.4,56.1%,54.8%,54.8%,45.2%,83.0%,2.63%,151736,8.52,11.502,2.84
Oklahoma,"2,104",25.8,7,13.6%,5.6,7.9,1.5,3.8,40.0%,68.6%,58.7%,41.3%,85.0%,2.76%,54217,3.081,4.16,3.36
Oregon,"2,186",23.3,6.49,17.0%,5.5,7.4,1.7,4.1,44.2%,68.1%,68.3%,31.7%,89.3%,1.97%,50830,3.52,4.752,2.81
Pennsylvania,"5,703",26.2,5.52,18.5%,5.5,7.9,1.8,3.9,45.4%,69.0%,52.4%,47.6%,81.7%,2.67%,149637,9.544,12.885,2.59
Rhode Island,493,24.5,5.57,17.8%,5.4,7.2,1.6,3.8,39.2%,67.5%,59.8%,40.2%,87.4%,1.42%,12094,0.8865,1.197,2.46
South Carolina,"2,586",25.7,6.44,16.3%,5.7,8.4,1.9,4.6,53.4%,70.8%,54.5%,45.5%,82.7%,3.21%,66458,3.983,5.377,2.88
South Dakota,463,26.4,6.92,22.3%,5.7,7.9,1.7,4,64.7%,66.1%,65.9%,34.1%,82.5%,3.89%,12203,0.5982,0.8076,2.15
Tennessee,"3,359",26.3,6.24,15.7%,5.5,7.6,1.7,4.4,56.0%,69.7%,55.3%,44.7%,83.8%,2.95%,88357,4.684,6.323,3.04
Texas,"10,647",25.8,4.9,17.6%,5.6,9,1.8,4.1,44.2%,71.1%,56.9%,43.1%,81.9%,3.97%,274633,18.821,25.408,2.69
Utah,903,29.6,3.89,10.5%,5.6,7.8,1.7,4.4,29.6%,68.0%,47.8%,52.2%,79.1%,3.77%,26746,1.636,2.209,3.7
Vermont,332,22.5,6.32,18.5%,5.5,7.5,1.9,4.3,58.0%,66.0%,68.7%,31.3%,88.9%,1.51%,7469,0.513,0.6926,2.24
Virginia,"3,071",25.9,4.55,16.4%,5.5,7.2,1.6,3.7,51.7%,69.1%,57.1%,42.9%,83.0%,3.09%,79429,6.126,8.27,2.78
Washington,"3,184",24.3,5.28,15.4%,5.3,6.8,1.5,3.6,42.8%,66.0%,64.6%,35.4%,87.2%,1.82%,77302,5.805,7.837,3.01
West Virginia,"1,037",27.3,7.24,13.9%,6.4,9.8,1.8,5.1,39.1%,70.8%,49.8%,50.2%,84.0%,2.03%,28285,1.335,1.802,2.97
Wisconsin,"2,651",24.2,5.75,25.8%,5.5,7.5,1.7,3.8,51.4%,68.4%,63.2%,36.8%,86.1%,2.30%,64214,4.453,6.011,2.19
Wyoming,347,26.7,7.82,18.5%,5.5,7.5,1.5,4.1,47.6%,70.4%,60.8%,39.2%,85.0%,2.59%,9249,0.5931,0.8007,3.15